transaction_id,user_id,merchant_id,amount,currency,category,transaction_type,timestamp,location,device_id,fraud_label,risk_level
T100000,U1003,M217,1225.82,EUR,fashion,withdrawal,2025-12-03 21:57:53.350731,GB,D586,0,HIGH
T100001,U1069,M205,704.06,INR,gaming,purchase,2025-12-04 01:59:53.361251,US,D511,1,HIGH
T100002,U1064,M238,1087.35,USD,travel,withdrawal,2025-12-03 22:36:53.361251,ZA,D553,0,HIGH
T100003,U1075,M217,879.63,USD,fashion,refund,2025-12-04 03:12:53.361251,CN,D535,0,HIGH
T100004,U1013,M205,264.37,JPY,electronics,transfer,2025-12-04 09:16:53.361251,CN,D577,0,MEDIUM
T100005,U1093,M229,38.72,INR,electronics,refund,2025-12-04 01:07:53.361251,GB,D570,0,LOW
T100006,U1073,M212,384.69,USD,electronics,withdrawal,2025-12-04 06:28:53.361251,IN,D510,0,MEDIUM
T100007,U1110,M206,762.98,JPY,groceries,refund,2025-12-04 05:34:53.361251,CN,D520,0,HIGH
T100008,U1085,M217,226.83,USD,travel,withdrawal,2025-12-04 09:17:53.361251,ZA,D593,0,LOW
T100009,U1048,M217,133.56,INR,fashion,transfer,2025-12-04 09:24:53.361251,US,D529,0,MEDIUM
T100010,U1103,M220,669.91,JPY,groceries,purchase,2025-12-04 03:58:53.361251,FR,D572,1,HIGH
T100011,U1040,M213,872.73,JPY,gaming,refund,2025-12-04 09:03:53.361251,DE,D533,0,HIGH
T100012,U1095,M235,750.02,INR,groceries,refund,2025-12-04 09:36:53.361251,AU,D551,0,HIGH
T100013,U1065,M231,357.11,USD,electronics,purchase,2025-12-04 01:41:53.361251,DE,D580,0,LOW
T100014,U1087,M227,1561.11,INR,electronics,refund,2025-12-04 05:08:53.361251,SG,D576,0,HIGH
T100015,U1067,M216,632.45,INR,electronics,purchase,2025-12-04 05:26:53.361251,ZA,D596,0,HIGH
T100016,U1082,M221,405.47,USD,groceries,refund,2025-12-04 04:00:53.361251,DE,D558,0,HIGH
T100017,U1092,M216,847.89,INR,fashion,purchase,2025-12-04 06:30:53.362252,IN,D581,0,HIGH
T100018,U1019,M223,318.53,EUR,travel,purchase,2025-12-04 08:33:53.362252,AU,D541,0,LOW
T100019,U1014,M223,516.68,GBP,fashion,purchase,2025-12-03 22:50:53.363252,FR,D572,0,HIGH
T100020,U1010,M231,981.4,USD,travel,withdrawal,2025-12-03 22:23:53.363252,DE,D584,0,HIGH
T100021,U1070,M210,1012.16,GBP,travel,refund,2025-12-04 08:57:53.363252,FR,D569,0,HIGH
T100022,U1088,M212,1465.18,GBP,gaming,transfer,2025-12-04 09:05:53.363252,BR,D566,0,HIGH
T100023,U1028,M204,391.89,GBP,electronics,withdrawal,2025-12-04 07:59:53.363252,AU,D528,0,LOW
T100024,U1090,M203,497.98,EUR,electronics,purchase,2025-12-03 23:25:53.363252,CN,D509,0,HIGH
T100025,U1035,M231,1661.97,EUR,travel,withdrawal,2025-12-04 01:15:53.364252,AU,D573,0,HIGH
T100026,U1100,M230,862.92,JPY,fashion,purchase,2025-12-04 09:23:53.364252,GB,D584,0,HIGH
T100027,U1054,M226,553.97,JPY,crypto,purchase,2025-12-04 05:37:53.364252,GB,D507,0,HIGH
T100028,U1043,M206,683.13,EUR,fashion,withdrawal,2025-12-04 02:51:53.364252,ZA,D557,0,HIGH
T100029,U1023,M217,819.34,JPY,fashion,purchase,2025-12-04 00:53:53.364252,BR,D570,1,HIGH
T100030,U1083,M234,369.22,USD,electronics,withdrawal,2025-12-04 00:00:53.365250,DE,D552,1,MEDIUM
T100031,U1027,M225,538.04,USD,fashion,refund,2025-12-04 09:10:53.365250,US,D549,1,HIGH
T100032,U1100,M229,550.01,GBP,gaming,refund,2025-12-03 22:58:53.365250,DE,D524,0,HIGH
T100033,U1007,M237,1372.87,INR,electronics,transfer,2025-12-04 05:53:53.365250,US,D506,0,HIGH
T100034,U1064,M233,837.93,EUR,electronics,purchase,2025-12-04 05:19:53.365250,DE,D508,1,HIGH
T100035,U1086,M215,619.05,JPY,electronics,withdrawal,2025-12-03 22:21:53.365250,AU,D576,0,HIGH
T100036,U1010,M226,542.83,INR,travel,transfer,2025-12-04 03:24:53.366252,IN,D526,0,HIGH
T100037,U1040,M215,718.58,GBP,gaming,withdrawal,2025-12-04 01:21:53.366252,IN,D558,0,HIGH
T100038,U1001,M229,356.51,INR,travel,purchase,2025-12-04 03:11:53.366252,GB,D568,0,LOW
T100039,U1033,M208,413.39,GBP,electronics,withdrawal,2025-12-04 07:45:53.366756,CN,D536,1,HIGH
T100040,U1106,M234,1175.15,GBP,travel,purchase,2025-12-04 05:53:53.366756,ZA,D538,1,CRITICAL
T100041,U1013,M208,1001.13,GBP,electronics,purchase,2025-12-03 22:26:53.366756,ZA,D519,0,HIGH
T100042,U1077,M213,860.2,GBP,fashion,transfer,2025-12-04 06:34:53.366756,ZA,D562,1,HIGH
T100043,U1116,M203,925.42,USD,crypto,refund,2025-12-03 23:28:53.366756,IN,D505,0,HIGH
T100044,U1098,M208,828.26,GBP,fashion,refund,2025-12-03 23:29:53.366756,ZA,D590,1,HIGH
T100045,U1001,M207,644.16,USD,crypto,withdrawal,2025-12-03 22:38:53.368015,ZA,D504,0,HIGH
T100046,U1055,M208,343.09,USD,groceries,transfer,2025-12-04 01:07:53.368015,US,D545,0,LOW
T100047,U1031,M206,823.98,GBP,travel,refund,2025-12-03 22:58:53.368015,AU,D595,1,HIGH
T100048,U1119,M215,1138.15,EUR,fashion,refund,2025-12-04 01:45:53.368015,US,D522,0,HIGH
T100049,U1042,M226,696.54,EUR,groceries,withdrawal,2025-12-04 05:15:53.368015,GB,D548,0,HIGH
T100050,U1109,M230,1176.67,EUR,fashion,refund,2025-12-04 00:06:53.368015,CN,D539,0,HIGH
T100051,U1111,M214,1249.94,EUR,electronics,withdrawal,2025-12-04 02:05:53.368015,SG,D542,0,HIGH
T100052,U1008,M217,1178.61,GBP,crypto,refund,2025-12-04 07:59:53.368015,ZA,D542,0,HIGH
T100053,U1014,M216,1234.46,EUR,travel,transfer,2025-12-04 08:44:53.369013,US,D513,0,HIGH
T100054,U1044,M220,1046.46,JPY,travel,purchase,2025-12-04 02:38:53.369013,SG,D573,1,CRITICAL
T100055,U1005,M227,1143.53,USD,travel,withdrawal,2025-12-04 01:08:53.370028,CN,D555,1,CRITICAL
T100056,U1085,M221,1675.47,INR,groceries,purchase,2025-12-04 04:00:53.371028,IN,D564,0,HIGH
T100057,U1052,M220,663.29,JPY,crypto,transfer,2025-12-04 06:57:53.371028,ZA,D516,0,HIGH
T100058,U1085,M224,601.02,EUR,travel,transfer,2025-12-04 01:14:53.371028,SG,D570,0,HIGH
T100059,U1038,M218,1209.36,EUR,gaming,transfer,2025-12-04 09:05:53.371028,BR,D556,0,HIGH
T100060,U1027,M232,756.26,JPY,crypto,withdrawal,2025-12-04 09:16:53.371028,GB,D536,0,HIGH
T100061,U1081,M239,1218.23,GBP,electronics,withdrawal,2025-12-04 02:20:53.371028,IN,D528,0,HIGH
T100062,U1018,M201,952.72,USD,fashion,refund,2025-12-03 23:29:53.371028,AU,D598,0,HIGH
T100063,U1053,M236,750.92,EUR,crypto,refund,2025-12-03 22:39:53.371028,BR,D551,0,HIGH
T100064,U1083,M200,1077.33,USD,gaming,withdrawal,2025-12-04 06:46:53.371028,DE,D589,1,CRITICAL
T100065,U1006,M235,1652.97,EUR,electronics,refund,2025-12-04 07:59:53.372027,DE,D559,0,HIGH
T100066,U1071,M238,1392.05,GBP,gaming,refund,2025-12-04 04:36:53.372027,ZA,D557,0,HIGH
T100067,U1095,M230,1768.86,JPY,groceries,withdrawal,2025-12-04 06:27:53.372027,IN,D598,0,HIGH
T100068,U1080,M215,302.86,GBP,gaming,purchase,2025-12-04 04:15:53.372027,IN,D530,0,MEDIUM
T100069,U1040,M234,706.02,USD,fashion,withdrawal,2025-12-04 00:08:53.372027,FR,D549,0,HIGH
T100070,U1090,M213,572.51,USD,gaming,refund,2025-12-03 22:35:53.372027,CN,D569,0,HIGH
T100071,U1007,M213,653.98,JPY,gaming,purchase,2025-12-04 07:54:53.373027,AU,D548,0,HIGH
T100072,U1045,M219,1060.89,JPY,gaming,withdrawal,2025-12-04 01:41:53.373027,BR,D528,0,HIGH
T100073,U1062,M201,572.85,JPY,groceries,refund,2025-12-04 02:50:53.373027,DE,D559,0,HIGH
T100074,U1079,M234,1058.53,USD,gaming,purchase,2025-12-03 22:13:53.373027,GB,D582,0,HIGH
T100075,U1023,M203,133.3,GBP,gaming,transfer,2025-12-03 22:44:53.373027,FR,D558,0,MEDIUM
T100076,U1097,M224,809.53,GBP,gaming,transfer,2025-12-04 08:47:53.373027,GB,D560,0,HIGH
T100077,U1069,M203,768.54,GBP,fashion,purchase,2025-12-04 04:24:53.374026,US,D596,0,HIGH
T100078,U1031,M212,662.22,USD,travel,withdrawal,2025-12-04 08:44:53.374026,FR,D516,1,HIGH
T100079,U1014,M236,537.35,EUR,gaming,transfer,2025-12-04 00:06:53.375028,CN,D521,0,HIGH
T100080,U1095,M207,795.0,EUR,groceries,purchase,2025-12-04 03:48:53.375028,AU,D503,1,HIGH
T100081,U1073,M224,908.57,JPY,crypto,withdrawal,2025-12-04 05:09:53.375028,GB,D575,0,HIGH
T100082,U1080,M215,1488.79,USD,crypto,transfer,2025-12-04 07:38:53.375028,AU,D515,1,CRITICAL
T100083,U1072,M202,589.23,GBP,travel,refund,2025-12-04 01:44:53.375028,CN,D508,1,HIGH
T100084,U1043,M200,1596.54,JPY,gaming,purchase,2025-12-03 22:57:53.375028,SG,D546,0,HIGH
T100085,U1090,M209,230.42,JPY,fashion,transfer,2025-12-03 23:00:53.375028,AU,D568,0,MEDIUM
T100086,U1055,M237,245.35,GBP,groceries,withdrawal,2025-12-04 05:06:53.375028,GB,D535,0,MEDIUM
T100087,U1031,M229,922.84,INR,travel,refund,2025-12-04 05:31:53.375028,CN,D503,0,HIGH
T100088,U1041,M211,692.38,JPY,fashion,transfer,2025-12-04 08:12:53.376028,IN,D543,0,HIGH
T100089,U1076,M217,150.74,INR,electronics,withdrawal,2025-12-04 08:04:53.376028,GB,D530,1,MEDIUM
T100090,U1062,M235,1195.51,EUR,crypto,refund,2025-12-04 06:00:53.376028,BR,D557,0,HIGH
T100091,U1011,M218,1229.65,EUR,gaming,withdrawal,2025-12-04 05:24:53.376028,IN,D584,0,HIGH
T100092,U1060,M235,586.62,INR,groceries,refund,2025-12-04 07:58:53.376028,ZA,D542,0,HIGH
T100093,U1058,M217,464.13,GBP,groceries,withdrawal,2025-12-04 02:16:53.376028,GB,D592,0,HIGH
T100094,U1015,M234,777.0,EUR,fashion,withdrawal,2025-12-04 09:22:53.376028,BR,D535,0,HIGH
T100095,U1097,M233,787.65,INR,groceries,purchase,2025-12-04 06:58:53.376028,FR,D537,1,HIGH
T100096,U1022,M219,1201.92,USD,crypto,withdrawal,2025-12-04 03:18:53.376028,IN,D505,0,HIGH
T100097,U1070,M218,1000.09,EUR,crypto,refund,2025-12-04 05:10:53.376028,GB,D501,0,HIGH
T100098,U1060,M230,1241.64,JPY,groceries,withdrawal,2025-12-04 00:22:53.376028,US,D532,0,HIGH
T100099,U1014,M204,322.99,JPY,gaming,purchase,2025-12-04 05:25:53.376028,AU,D580,0,MEDIUM
T100100,U1019,M209,840.63,INR,groceries,purchase,2025-12-03 23:33:53.377027,FR,D515,1,HIGH
T100101,U1077,M238,373.13,INR,fashion,refund,2025-12-03 23:21:53.377027,BR,D556,0,MEDIUM
T100102,U1075,M227,957.89,GBP,travel,purchase,2025-12-04 08:23:53.377027,AU,D594,0,HIGH
T100103,U1097,M213,1262.63,EUR,groceries,purchase,2025-12-03 22:22:53.377027,DE,D530,0,HIGH
T100104,U1009,M210,938.39,USD,gaming,refund,2025-12-03 22:09:53.377027,AU,D560,0,HIGH
T100105,U1036,M218,398.73,JPY,electronics,withdrawal,2025-12-04 08:02:53.377027,IN,D580,0,LOW
T100106,U1102,M212,1192.61,JPY,electronics,withdrawal,2025-12-04 03:29:53.377027,DE,D534,0,HIGH
T100107,U1009,M203,1095.5,EUR,groceries,transfer,2025-12-04 05:05:53.377027,BR,D515,0,HIGH
T100108,U1038,M225,738.48,GBP,travel,refund,2025-12-04 03:01:53.377027,BR,D510,0,HIGH
T100109,U1113,M227,879.73,GBP,travel,transfer,2025-12-04 05:45:53.377027,US,D511,1,HIGH
T100110,U1086,M236,770.42,INR,electronics,transfer,2025-12-04 03:14:53.377027,AU,D505,0,HIGH
T100111,U1022,M230,715.28,INR,crypto,refund,2025-12-04 08:29:53.378027,IN,D523,1,HIGH
T100112,U1055,M231,463.57,USD,gaming,transfer,2025-12-04 01:34:53.378027,SG,D542,0,HIGH
T100113,U1013,M210,1465.77,GBP,gaming,refund,2025-12-03 22:05:53.378027,IN,D584,1,CRITICAL
T100114,U1058,M205,201.26,GBP,groceries,transfer,2025-12-04 07:25:53.378027,GB,D598,0,LOW
T100115,U1065,M200,900.07,INR,gaming,refund,2025-12-03 23:50:53.378027,US,D524,0,HIGH
T100116,U1079,M231,1215.66,JPY,electronics,withdrawal,2025-12-04 05:48:53.378027,IN,D570,0,HIGH
T100117,U1036,M228,859.97,JPY,electronics,purchase,2025-12-03 23:04:53.378027,AU,D530,1,HIGH
T100118,U1039,M235,649.39,USD,travel,refund,2025-12-03 22:50:53.378027,GB,D528,0,HIGH
T100119,U1116,M207,535.45,JPY,electronics,withdrawal,2025-12-04 01:07:53.378027,BR,D591,0,HIGH
T100120,U1090,M217,1143.22,JPY,gaming,refund,2025-12-04 05:26:53.378027,FR,D558,0,HIGH
T100121,U1049,M212,950.5,INR,travel,withdrawal,2025-12-04 08:07:53.378027,GB,D535,0,HIGH
T100122,U1109,M226,454.48,GBP,travel,transfer,2025-12-04 06:45:53.378027,US,D536,0,HIGH
T100123,U1107,M237,569.76,INR,crypto,refund,2025-12-04 01:42:53.378027,DE,D557,1,HIGH
T100124,U1044,M221,1251.48,INR,travel,refund,2025-12-04 03:11:53.378027,BR,D541,0,HIGH
T100125,U1089,M215,1312.59,INR,gaming,withdrawal,2025-12-04 03:29:53.378027,SG,D505,0,HIGH
T100126,U1060,M224,654.34,JPY,crypto,withdrawal,2025-12-04 08:40:53.378027,BR,D504,0,HIGH
T100127,U1075,M221,1166.36,USD,gaming,purchase,2025-12-04 07:09:53.378027,ZA,D558,1,CRITICAL
T100128,U1018,M226,1118.31,EUR,electronics,refund,2025-12-03 22:22:53.378027,IN,D543,0,HIGH
T100129,U1050,M205,1308.75,GBP,crypto,refund,2025-12-04 05:45:53.378027,CN,D580,0,HIGH
T100130,U1097,M231,404.44,INR,electronics,purchase,2025-12-04 00:12:53.379027,FR,D580,0,HIGH
T100131,U1036,M214,1240.39,USD,gaming,purchase,2025-12-04 09:26:53.380027,GB,D556,1,CRITICAL
T100132,U1038,M201,652.51,USD,groceries,purchase,2025-12-04 02:50:53.380027,IN,D545,0,HIGH
T100133,U1018,M215,514.31,INR,gaming,withdrawal,2025-12-04 08:08:53.380027,DE,D522,0,HIGH
T100134,U1079,M215,371.44,JPY,travel,withdrawal,2025-12-04 08:57:53.380027,FR,D559,0,MEDIUM
T100135,U1058,M216,603.54,USD,gaming,transfer,2025-12-04 06:17:53.380027,ZA,D520,1,HIGH
T100136,U1044,M237,1045.08,GBP,crypto,refund,2025-12-04 00:20:53.381027,IN,D558,0,HIGH
T100137,U1025,M224,1143.5,JPY,electronics,withdrawal,2025-12-03 21:49:53.381027,SG,D573,0,HIGH
T100138,U1037,M218,678.78,USD,crypto,refund,2025-12-04 05:36:53.381027,IN,D501,0,HIGH
T100139,U1116,M238,350.52,JPY,groceries,withdrawal,2025-12-04 03:24:53.381027,AU,D545,0,LOW
T100140,U1024,M239,1484.32,GBP,crypto,withdrawal,2025-12-04 04:56:53.381027,GB,D580,1,CRITICAL
T100141,U1039,M228,1250.5,USD,travel,transfer,2025-12-04 01:57:53.381027,DE,D511,0,HIGH
T100142,U1095,M226,65.63,EUR,fashion,withdrawal,2025-12-04 02:53:53.382029,ZA,D546,0,MEDIUM
T100143,U1116,M217,1049.46,EUR,groceries,refund,2025-12-03 22:53:53.382029,IN,D595,0,HIGH
T100144,U1102,M207,1696.04,JPY,electronics,withdrawal,2025-12-03 22:21:53.383027,FR,D586,0,HIGH
T100145,U1050,M235,714.35,GBP,electronics,refund,2025-12-04 02:01:53.383027,US,D533,0,HIGH
T100146,U1058,M223,1170.21,GBP,travel,refund,2025-12-04 02:12:53.383027,CN,D513,0,HIGH
T100147,U1060,M201,1289.83,INR,travel,transfer,2025-12-04 08:03:53.383027,AU,D528,1,CRITICAL
T100148,U1081,M229,830.87,GBP,crypto,refund,2025-12-04 07:40:53.384027,GB,D517,0,HIGH
T100149,U1004,M219,696.67,JPY,electronics,purchase,2025-12-04 05:42:53.384027,FR,D568,0,HIGH
T100150,U1058,M223,1201.38,INR,gaming,withdrawal,2025-12-03 23:14:53.384027,SG,D583,0,HIGH
T100151,U1062,M239,628.16,JPY,groceries,purchase,2025-12-04 00:00:53.384027,CN,D527,0,HIGH
T100152,U1030,M223,1379.05,USD,crypto,transfer,2025-12-04 04:32:53.385034,ZA,D582,0,HIGH
T100153,U1050,M217,637.22,EUR,electronics,refund,2025-12-04 02:11:53.385034,GB,D584,0,HIGH
T100154,U1081,M238,894.76,USD,electronics,transfer,2025-12-04 04:03:53.385034,FR,D516,0,HIGH
T100155,U1026,M204,841.2,INR,fashion,withdrawal,2025-12-04 07:25:53.385034,FR,D542,0,HIGH
T100156,U1100,M238,843.17,USD,groceries,withdrawal,2025-12-04 01:10:53.385034,DE,D569,0,HIGH
T100157,U1014,M201,76.91,EUR,electronics,transfer,2025-12-04 02:08:53.385034,FR,D575,0,LOW
T100158,U1022,M216,835.5,USD,fashion,refund,2025-12-04 07:47:53.387034,ZA,D514,0,HIGH
T100159,U1057,M223,187.21,INR,travel,purchase,2025-12-04 03:24:53.387034,BR,D564,0,MEDIUM
T100160,U1078,M202,439.6,INR,groceries,refund,2025-12-04 04:57:53.389034,US,D507,0,HIGH
T100161,U1108,M225,982.79,JPY,crypto,purchase,2025-12-04 08:37:53.389034,BR,D591,0,HIGH
T100162,U1115,M205,97.07,GBP,travel,withdrawal,2025-12-03 23:34:53.389034,GB,D516,0,LOW
T100163,U1048,M238,124.73,INR,groceries,refund,2025-12-03 22:53:53.389034,ZA,D577,0,MEDIUM
T100164,U1109,M235,366.71,EUR,gaming,refund,2025-12-04 08:20:53.389034,FR,D552,0,LOW
T100165,U1058,M225,464.8,JPY,crypto,purchase,2025-12-04 08:51:53.389034,CN,D554,1,HIGH
T100166,U1047,M209,285.24,JPY,electronics,purchase,2025-12-04 08:50:53.389034,GB,D511,0,MEDIUM
T100167,U1103,M208,350.83,INR,electronics,transfer,2025-12-03 23:13:53.389034,GB,D552,0,MEDIUM
T100168,U1085,M227,1347.36,USD,groceries,transfer,2025-12-04 08:42:53.389034,CN,D513,0,HIGH
T100169,U1027,M209,865.0,JPY,fashion,purchase,2025-12-04 06:02:53.389034,CN,D571,0,HIGH
T100170,U1073,M214,313.65,JPY,travel,purchase,2025-12-04 09:31:53.389034,AU,D584,0,MEDIUM
T100171,U1034,M201,1224.06,EUR,groceries,transfer,2025-12-04 01:10:53.390033,CN,D544,0,HIGH
T100172,U1111,M209,562.83,INR,crypto,refund,2025-12-04 09:23:53.390033,GB,D518,0,HIGH
T100173,U1003,M205,907.45,INR,fashion,refund,2025-12-04 08:59:53.390033,SG,D558,1,CRITICAL
T100174,U1039,M220,331.59,INR,travel,purchase,2025-12-04 00:41:53.390033,US,D519,0,MEDIUM
T100175,U1079,M203,1114.55,USD,groceries,refund,2025-12-04 08:31:53.390033,SG,D562,0,HIGH
T100176,U1053,M217,769.07,EUR,travel,purchase,2025-12-04 01:48:53.390033,CN,D555,0,HIGH
T100177,U1086,M237,1056.18,JPY,travel,transfer,2025-12-03 23:43:53.390033,US,D528,0,HIGH
T100178,U1076,M203,497.25,USD,fashion,transfer,2025-12-04 04:18:53.390033,FR,D598,0,HIGH
T100179,U1032,M218,586.0,GBP,electronics,purchase,2025-12-04 03:21:53.390033,BR,D595,0,HIGH
T100180,U1048,M234,179.86,EUR,travel,transfer,2025-12-04 01:15:53.390033,GB,D550,0,LOW
T100181,U1005,M227,1142.9,USD,gaming,purchase,2025-12-04 03:48:53.390033,CN,D573,1,CRITICAL
T100182,U1051,M226,1111.42,GBP,electronics,refund,2025-12-04 05:35:53.390033,US,D541,1,CRITICAL
T100183,U1079,M229,842.7,GBP,electronics,refund,2025-12-04 09:32:53.390033,GB,D531,0,HIGH
T100184,U1051,M233,1254.98,USD,gaming,transfer,2025-12-03 22:52:53.390033,CN,D528,0,HIGH
T100185,U1021,M204,1258.47,INR,crypto,purchase,2025-12-04 00:04:53.390033,ZA,D565,0,HIGH
T100186,U1099,M222,1149.62,GBP,crypto,withdrawal,2025-12-04 02:23:53.390033,FR,D513,0,HIGH
T100187,U1025,M211,582.32,INR,fashion,purchase,2025-12-04 05:53:53.390033,DE,D598,0,HIGH
T100188,U1059,M236,880.4,INR,gaming,transfer,2025-12-03 22:44:53.390033,CN,D519,0,HIGH
T100189,U1060,M228,762.97,GBP,groceries,purchase,2025-12-04 05:19:53.390033,CN,D564,0,HIGH
T100190,U1059,M228,420.14,USD,electronics,transfer,2025-12-03 22:48:53.391398,IN,D509,1,HIGH
T100191,U1109,M205,1221.82,INR,travel,refund,2025-12-04 04:17:53.391398,BR,D574,0,HIGH
T100192,U1101,M202,40.13,JPY,travel,withdrawal,2025-12-04 00:28:53.391398,CN,D577,1,MEDIUM
T100193,U1019,M203,520.69,JPY,electronics,transfer,2025-12-04 04:20:53.391398,GB,D564,0,HIGH
T100194,U1005,M215,742.79,JPY,gaming,withdrawal,2025-12-04 01:59:53.391398,CN,D547,0,HIGH
T100195,U1049,M226,727.17,GBP,crypto,purchase,2025-12-04 04:42:53.391398,CN,D508,1,HIGH
T100196,U1036,M216,297.4,INR,fashion,transfer,2025-12-04 05:49:53.391398,GB,D574,0,MEDIUM
T100197,U1039,M225,245.28,EUR,travel,purchase,2025-12-04 09:33:53.391398,IN,D571,0,MEDIUM
T100198,U1101,M221,812.55,EUR,crypto,purchase,2025-12-03 23:37:53.391398,SG,D565,0,HIGH
T100199,U1046,M219,854.51,EUR,fashion,transfer,2025-12-04 04:43:53.391398,BR,D524,0,HIGH
T100200,U1017,M209,1305.78,USD,groceries,purchase,2025-12-04 09:15:53.391398,ZA,D598,0,HIGH
T100201,U1094,M233,801.17,USD,crypto,transfer,2025-12-04 01:15:53.391398,AU,D516,0,HIGH
T100202,U1020,M211,225.89,INR,fashion,refund,2025-12-04 08:59:53.391398,US,D552,0,LOW
T100203,U1092,M215,1150.78,JPY,travel,transfer,2025-12-04 00:24:53.391398,BR,D529,0,HIGH
T100204,U1039,M230,981.89,EUR,groceries,refund,2025-12-04 01:40:53.391398,BR,D598,0,HIGH
T100205,U1048,M232,1352.23,INR,gaming,withdrawal,2025-12-04 08:01:53.391398,FR,D577,1,CRITICAL
T100206,U1032,M203,1157.45,JPY,groceries,purchase,2025-12-04 06:22:53.391398,ZA,D515,1,CRITICAL
T100207,U1097,M210,1069.19,GBP,gaming,withdrawal,2025-12-04 07:40:53.392402,SG,D511,0,HIGH
T100208,U1028,M228,451.58,GBP,electronics,refund,2025-12-04 06:02:53.392402,US,D550,0,HIGH
T100209,U1030,M224,774.45,USD,groceries,withdrawal,2025-12-04 07:01:53.392402,US,D540,0,HIGH
T100210,U1107,M221,916.35,EUR,fashion,purchase,2025-12-04 08:03:53.392402,IN,D560,0,HIGH
T100211,U1017,M230,847.19,JPY,travel,purchase,2025-12-04 04:55:53.392402,GB,D502,0,HIGH
T100212,U1070,M238,302.45,INR,gaming,purchase,2025-12-04 00:28:53.392402,IN,D530,0,LOW
T100213,U1006,M215,560.51,JPY,crypto,refund,2025-12-04 03:35:53.392402,GB,D514,0,HIGH
T100214,U1063,M238,737.58,INR,electronics,withdrawal,2025-12-03 23:15:53.392402,DE,D537,0,HIGH
T100215,U1078,M222,948.72,EUR,travel,refund,2025-12-04 04:14:53.392402,DE,D585,1,CRITICAL
T100216,U1008,M233,318.39,INR,travel,purchase,2025-12-03 23:34:53.392402,SG,D560,0,MEDIUM
T100217,U1049,M223,176.45,GBP,crypto,purchase,2025-12-04 01:56:53.392402,CN,D508,1,MEDIUM
T100218,U1093,M206,1601.69,INR,crypto,transfer,2025-12-03 23:25:53.392402,DE,D505,0,HIGH
T100219,U1043,M211,1762.34,JPY,crypto,refund,2025-12-04 09:37:53.392402,DE,D517,1,CRITICAL
T100220,U1099,M229,994.51,USD,groceries,withdrawal,2025-12-03 22:37:53.392402,US,D525,0,HIGH
T100221,U1040,M219,981.5,INR,gaming,refund,2025-12-04 04:25:53.392402,IN,D504,1,CRITICAL
T100222,U1024,M218,407.7,GBP,electronics,transfer,2025-12-04 00:41:53.392402,IN,D515,0,HIGH
T100223,U1055,M225,1466.8,JPY,gaming,transfer,2025-12-04 01:43:53.392402,DE,D563,0,HIGH
T100224,U1047,M233,788.89,GBP,electronics,refund,2025-12-04 06:39:53.392402,GB,D555,0,HIGH
T100225,U1105,M211,748.74,INR,groceries,transfer,2025-12-04 01:17:53.392402,GB,D510,0,HIGH
T100226,U1037,M219,884.64,JPY,travel,refund,2025-12-03 22:36:53.392402,DE,D588,0,HIGH
T100227,U1005,M222,307.84,INR,gaming,transfer,2025-12-04 08:14:53.392402,US,D509,0,MEDIUM
T100228,U1051,M223,783.77,INR,crypto,withdrawal,2025-12-04 08:35:53.392402,US,D518,0,HIGH
T100229,U1086,M228,1645.87,USD,fashion,purchase,2025-12-04 07:17:53.393884,FR,D599,0,HIGH
T100230,U1046,M224,609.02,INR,electronics,withdrawal,2025-12-04 04:20:53.393884,BR,D547,0,HIGH
T100231,U1097,M204,278.24,INR,fashion,transfer,2025-12-04 04:52:53.393884,SG,D540,1,MEDIUM
T100232,U1031,M207,1035.11,USD,crypto,withdrawal,2025-12-04 03:27:53.393884,BR,D566,0,HIGH
T100233,U1071,M207,742.71,GBP,groceries,refund,2025-12-04 07:44:53.393884,FR,D578,0,HIGH
T100234,U1117,M231,1044.47,EUR,electronics,withdrawal,2025-12-04 05:14:53.393884,GB,D557,1,CRITICAL
T100235,U1091,M228,1492.09,USD,crypto,transfer,2025-12-04 02:00:53.394880,CN,D590,0,HIGH
T100236,U1069,M218,1046.53,GBP,fashion,withdrawal,2025-12-04 08:43:53.394880,CN,D565,0,HIGH
T100237,U1025,M208,892.57,EUR,gaming,purchase,2025-12-04 04:25:53.394880,CN,D570,0,HIGH
T100238,U1102,M235,330.16,EUR,travel,purchase,2025-12-04 04:10:53.394880,GB,D539,0,MEDIUM
T100239,U1091,M230,981.69,INR,gaming,refund,2025-12-03 23:29:53.394880,AU,D509,1,CRITICAL
T100240,U1040,M204,1014.21,JPY,gaming,transfer,2025-12-04 08:10:53.394880,DE,D599,0,HIGH
T100241,U1075,M211,1258.88,EUR,gaming,purchase,2025-12-04 02:06:53.394880,GB,D566,0,HIGH
T100242,U1021,M210,698.04,GBP,crypto,withdrawal,2025-12-04 09:31:53.394880,CN,D566,0,HIGH
T100243,U1108,M205,1066.28,GBP,fashion,transfer,2025-12-03 23:14:53.394880,DE,D580,0,HIGH
T100244,U1068,M205,739.86,INR,crypto,withdrawal,2025-12-04 01:04:53.394880,AU,D574,0,HIGH
T100245,U1084,M239,1188.15,INR,groceries,purchase,2025-12-04 03:12:53.394880,US,D510,0,HIGH
T100246,U1083,M213,131.93,INR,gaming,purchase,2025-12-04 05:22:53.394880,BR,D580,0,MEDIUM
T100247,U1082,M219,673.54,JPY,fashion,refund,2025-12-04 01:18:53.394880,IN,D558,0,HIGH
T100248,U1007,M210,1598.68,JPY,gaming,refund,2025-12-04 07:00:53.394880,BR,D526,1,CRITICAL
T100249,U1018,M220,1194.81,GBP,crypto,transfer,2025-12-04 07:43:53.394880,SG,D516,0,HIGH
T100250,U1065,M235,1021.92,USD,groceries,withdrawal,2025-12-04 04:57:53.394880,BR,D515,0,HIGH
T100251,U1018,M206,229.52,USD,groceries,refund,2025-12-04 09:34:53.395881,AU,D553,0,LOW
T100252,U1110,M210,1107.22,GBP,travel,transfer,2025-12-04 08:23:53.395881,FR,D597,0,HIGH
T100253,U1065,M229,951.56,JPY,groceries,refund,2025-12-04 08:57:53.395881,US,D511,0,HIGH
T100254,U1064,M229,727.12,EUR,fashion,transfer,2025-12-04 03:20:53.395881,US,D506,0,HIGH
T100255,U1036,M234,366.09,USD,electronics,refund,2025-12-04 09:11:53.395881,DE,D533,0,MEDIUM
T100256,U1097,M225,1464.43,GBP,electronics,refund,2025-12-04 05:10:53.395881,US,D572,0,HIGH
T100257,U1046,M235,778.66,GBP,electronics,refund,2025-12-04 02:57:53.395881,ZA,D557,0,HIGH
T100258,U1035,M239,563.6,INR,electronics,withdrawal,2025-12-04 00:02:53.395881,GB,D550,0,HIGH
T100259,U1043,M235,1229.38,GBP,fashion,withdrawal,2025-12-03 22:05:53.395881,AU,D565,1,CRITICAL
T100260,U1005,M202,468.32,USD,fashion,transfer,2025-12-04 04:42:53.395881,BR,D566,0,HIGH
T100261,U1077,M232,1202.93,EUR,groceries,transfer,2025-12-04 05:51:53.395881,DE,D550,0,HIGH
T100262,U1094,M219,1018.77,INR,groceries,refund,2025-12-04 02:52:53.395881,AU,D538,0,HIGH
T100263,U1002,M223,503.18,GBP,crypto,purchase,2025-12-04 07:10:53.395881,SG,D574,1,HIGH
T100264,U1115,M201,1043.24,INR,gaming,transfer,2025-12-04 01:11:53.395881,AU,D573,0,HIGH
T100265,U1006,M237,571.27,JPY,fashion,refund,2025-12-04 01:17:53.395881,DE,D587,0,HIGH
T100266,U1073,M207,504.33,EUR,electronics,refund,2025-12-04 08:37:53.395881,CN,D553,0,HIGH
T100267,U1088,M213,737.33,JPY,travel,refund,2025-12-04 07:27:53.396883,US,D590,0,HIGH
T100268,U1071,M220,27.36,JPY,travel,refund,2025-12-04 07:56:53.396883,CN,D522,0,LOW
T100269,U1068,M221,600.15,INR,groceries,transfer,2025-12-04 09:21:53.396883,AU,D561,1,HIGH
T100270,U1031,M217,1080.84,INR,groceries,withdrawal,2025-12-04 04:20:53.396883,IN,D598,1,CRITICAL
T100271,U1026,M231,1483.84,GBP,gaming,transfer,2025-12-04 08:17:53.396883,ZA,D592,0,HIGH
T100272,U1015,M236,1027.35,INR,gaming,refund,2025-12-04 00:41:53.396883,CN,D598,0,HIGH
T100273,U1037,M202,1200.16,GBP,crypto,purchase,2025-12-04 01:29:53.396883,CN,D556,0,HIGH
T100274,U1095,M230,575.94,EUR,fashion,transfer,2025-12-03 21:47:53.396883,ZA,D589,0,HIGH
T100275,U1013,M239,1993.32,INR,fashion,withdrawal,2025-12-04 03:07:53.396883,US,D585,0,HIGH
T100276,U1028,M214,846.15,USD,electronics,refund,2025-12-03 22:10:53.396883,CN,D591,0,HIGH
T100277,U1087,M208,533.95,USD,travel,withdrawal,2025-12-04 05:55:53.396883,SG,D583,0,HIGH
T100278,U1112,M230,1371.56,JPY,crypto,withdrawal,2025-12-04 01:28:53.396883,IN,D541,0,HIGH
T100279,U1007,M205,969.88,INR,fashion,purchase,2025-12-03 23:18:53.396883,DE,D553,0,HIGH
T100280,U1119,M202,124.7,JPY,gaming,withdrawal,2025-12-04 06:35:53.396883,IN,D504,0,LOW
T100281,U1072,M238,784.49,USD,groceries,transfer,2025-12-04 01:02:53.396883,BR,D582,0,HIGH
T100282,U1063,M208,670.85,INR,gaming,transfer,2025-12-04 09:22:53.396883,FR,D514,0,HIGH
T100283,U1093,M229,1153.41,GBP,crypto,withdrawal,2025-12-04 06:48:53.396883,US,D594,0,HIGH
T100284,U1037,M236,845.46,EUR,fashion,refund,2025-12-04 05:04:53.396883,SG,D565,1,HIGH
T100285,U1051,M206,1464.19,EUR,fashion,refund,2025-12-04 09:09:53.396883,CN,D531,0,HIGH
T100286,U1049,M215,750.65,JPY,groceries,transfer,2025-12-03 22:01:53.396883,IN,D574,0,HIGH
T100287,U1001,M216,489.78,GBP,crypto,withdrawal,2025-12-04 03:39:53.396883,US,D585,0,HIGH
T100288,U1039,M210,1014.47,JPY,crypto,transfer,2025-12-04 02:29:53.398245,GB,D581,1,CRITICAL
T100289,U1037,M223,430.64,INR,fashion,withdrawal,2025-12-04 04:45:53.398245,DE,D561,0,HIGH
T100290,U1053,M235,39.01,JPY,travel,withdrawal,2025-12-03 23:53:53.398245,FR,D587,0,MEDIUM
T100291,U1111,M205,496.91,INR,gaming,transfer,2025-12-04 06:31:53.398245,GB,D572,0,HIGH
T100292,U1106,M235,1484.84,INR,fashion,withdrawal,2025-12-03 21:48:53.398245,DE,D541,1,CRITICAL
T100293,U1056,M207,1788.66,EUR,crypto,refund,2025-12-04 08:36:53.398245,GB,D565,0,HIGH
T100294,U1058,M208,379.84,INR,gaming,refund,2025-12-04 00:07:53.398751,AU,D507,0,LOW
T100295,U1086,M219,1099.44,USD,gaming,transfer,2025-12-04 05:35:53.398751,US,D595,0,HIGH
T100296,U1009,M202,413.89,JPY,groceries,purchase,2025-12-04 06:00:53.398751,ZA,D507,0,HIGH
T100297,U1008,M230,1155.89,USD,groceries,refund,2025-12-04 01:01:53.398751,DE,D598,0,HIGH
T100298,U1082,M226,1173.96,GBP,gaming,refund,2025-12-04 07:59:53.398751,SG,D548,0,HIGH
T100299,U1084,M234,798.5,EUR,crypto,transfer,2025-12-04 02:39:53.398751,GB,D522,0,HIGH
T100300,U1050,M233,1093.83,EUR,crypto,withdrawal,2025-12-04 06:58:53.398751,US,D596,1,CRITICAL
T100301,U1038,M229,863.34,INR,gaming,refund,2025-12-04 08:09:53.398751,FR,D531,0,HIGH
T100302,U1019,M217,862.09,EUR,crypto,purchase,2025-12-03 23:21:53.398751,US,D584,1,HIGH
T100303,U1098,M201,424.14,EUR,fashion,purchase,2025-12-04 06:23:53.398751,GB,D576,0,HIGH
T100304,U1076,M203,1596.75,EUR,crypto,purchase,2025-12-04 08:58:53.398751,SG,D556,0,HIGH
T100305,U1027,M203,1367.7,EUR,travel,transfer,2025-12-04 07:34:53.398751,FR,D593,0,HIGH
T100306,U1073,M238,403.04,GBP,fashion,transfer,2025-12-03 23:36:53.398751,DE,D584,0,HIGH
T100307,U1052,M219,1291.83,GBP,electronics,withdrawal,2025-12-03 23:45:53.398751,SG,D571,1,CRITICAL
T100308,U1044,M224,1072.09,INR,groceries,refund,2025-12-04 07:43:53.398751,SG,D519,0,HIGH
T100309,U1023,M234,737.3,JPY,fashion,withdrawal,2025-12-04 04:49:53.398751,IN,D590,0,HIGH
T100310,U1059,M203,1338.54,INR,gaming,refund,2025-12-04 03:45:53.398751,ZA,D567,0,HIGH
T100311,U1032,M213,231.69,GBP,crypto,purchase,2025-12-04 00:21:53.398751,BR,D547,0,LOW
T100312,U1092,M212,1034.57,USD,groceries,refund,2025-12-04 02:36:53.398751,AU,D577,0,HIGH
T100313,U1009,M212,1096.91,INR,crypto,withdrawal,2025-12-04 09:07:53.398751,BR,D526,0,HIGH
T100314,U1042,M219,477.93,USD,fashion,withdrawal,2025-12-03 22:28:53.399757,GB,D595,0,HIGH
T100315,U1061,M215,442.18,INR,crypto,withdrawal,2025-12-03 23:49:53.399757,SG,D530,0,HIGH
T100316,U1048,M229,145.07,INR,crypto,transfer,2025-12-04 08:52:53.399757,IN,D533,0,MEDIUM
T100317,U1112,M231,747.35,JPY,electronics,refund,2025-12-03 21:58:53.399757,CN,D526,1,HIGH
T100318,U1052,M202,985.87,INR,fashion,withdrawal,2025-12-04 01:51:53.399757,US,D533,1,CRITICAL
T100319,U1074,M237,911.76,JPY,groceries,withdrawal,2025-12-04 02:46:53.399757,FR,D542,0,HIGH
T100320,U1072,M215,1299.36,JPY,travel,transfer,2025-12-04 06:22:53.399757,IN,D597,1,CRITICAL
T100321,U1092,M231,961.67,JPY,fashion,transfer,2025-12-04 06:26:53.399757,DE,D517,0,HIGH
T100322,U1023,M234,311.83,USD,travel,purchase,2025-12-03 21:53:53.399757,GB,D585,0,MEDIUM
T100323,U1052,M208,109.63,EUR,electronics,withdrawal,2025-12-04 05:08:53.399757,US,D527,0,LOW
T100324,U1047,M203,1816.4,INR,crypto,refund,2025-12-04 05:51:53.399757,BR,D502,0,HIGH
T100325,U1070,M226,628.93,USD,electronics,transfer,2025-12-04 09:05:53.399757,ZA,D536,1,HIGH
T100326,U1104,M227,661.86,EUR,electronics,purchase,2025-12-04 00:08:53.399757,ZA,D519,0,HIGH
T100327,U1104,M222,199.32,GBP,gaming,purchase,2025-12-04 01:02:53.399757,CN,D551,0,MEDIUM
T100328,U1031,M214,647.13,GBP,crypto,purchase,2025-12-04 07:01:53.399757,US,D511,0,HIGH
T100329,U1048,M235,1073.32,JPY,electronics,purchase,2025-12-04 08:14:53.399757,DE,D510,0,HIGH
T100330,U1055,M221,526.48,INR,electronics,purchase,2025-12-04 02:18:53.400757,FR,D527,0,HIGH
T100331,U1088,M236,1234.82,JPY,groceries,purchase,2025-12-04 08:14:53.400757,GB,D587,0,HIGH
T100332,U1115,M234,427.54,INR,crypto,purchase,2025-12-04 05:21:53.400757,DE,D540,0,HIGH
T100333,U1026,M237,941.68,EUR,crypto,refund,2025-12-04 06:55:53.400757,GB,D538,0,HIGH
T100334,U1030,M236,791.18,JPY,crypto,transfer,2025-12-04 05:07:53.400757,SG,D596,0,HIGH
T100335,U1101,M205,771.25,INR,crypto,transfer,2025-12-03 22:41:53.400757,US,D512,0,HIGH
T100336,U1043,M238,210.06,INR,travel,refund,2025-12-04 00:16:53.400757,CN,D503,0,LOW
T100337,U1100,M228,1012.85,JPY,fashion,transfer,2025-12-03 22:05:53.400757,ZA,D548,1,CRITICAL
T100338,U1087,M237,1598.48,JPY,electronics,transfer,2025-12-04 00:51:53.400757,FR,D591,1,CRITICAL
T100339,U1034,M209,267.83,JPY,crypto,withdrawal,2025-12-04 05:42:53.400757,SG,D540,1,MEDIUM
T100340,U1011,M200,725.7,GBP,gaming,transfer,2025-12-04 01:17:53.401757,IN,D513,0,HIGH
T100341,U1023,M227,1015.5,JPY,travel,refund,2025-12-03 21:41:53.401757,GB,D503,0,HIGH
T100342,U1070,M205,592.04,INR,travel,transfer,2025-12-04 04:00:53.401757,SG,D501,0,HIGH
T100343,U1049,M205,841.71,INR,fashion,withdrawal,2025-12-04 04:37:53.401757,SG,D521,0,HIGH
T100344,U1038,M217,1398.34,JPY,fashion,purchase,2025-12-04 06:04:53.401757,DE,D555,0,HIGH
T100345,U1038,M230,432.58,USD,groceries,transfer,2025-12-04 08:52:53.401757,FR,D592,1,HIGH
T100346,U1076,M239,631.35,EUR,gaming,purchase,2025-12-03 22:38:53.401757,DE,D538,0,HIGH
T100347,U1050,M221,1009.65,INR,gaming,transfer,2025-12-04 09:36:53.401757,BR,D542,0,HIGH
T100348,U1105,M238,1197.75,EUR,groceries,transfer,2025-12-03 23:49:53.401757,AU,D588,1,CRITICAL
T100349,U1040,M211,497.07,JPY,groceries,transfer,2025-12-04 08:08:53.401757,BR,D573,0,HIGH
T100350,U1041,M224,1173.2,GBP,gaming,transfer,2025-12-04 02:30:53.401757,GB,D572,1,CRITICAL
T100351,U1069,M211,787.23,INR,electronics,refund,2025-12-04 09:29:53.401757,FR,D556,0,HIGH
T100352,U1106,M204,567.24,JPY,crypto,refund,2025-12-04 03:28:53.401757,DE,D581,0,HIGH
T100353,U1032,M209,1629.91,JPY,gaming,purchase,2025-12-04 08:14:53.403763,BR,D576,0,HIGH
T100354,U1051,M234,1054.28,INR,crypto,refund,2025-12-04 08:14:53.403763,ZA,D504,1,CRITICAL
T100355,U1046,M234,865.93,INR,crypto,purchase,2025-12-04 01:03:53.403763,GB,D598,0,HIGH
T100356,U1021,M239,212.65,USD,travel,refund,2025-12-04 09:26:53.403763,CN,D555,0,MEDIUM
T100357,U1033,M214,250.95,INR,crypto,withdrawal,2025-12-04 07:36:53.403763,BR,D547,0,LOW
T100358,U1098,M237,641.34,INR,fashion,transfer,2025-12-03 23:07:53.403763,US,D561,0,HIGH
T100359,U1053,M205,164.3,USD,crypto,withdrawal,2025-12-03 22:36:53.404768,CN,D539,1,MEDIUM
T100360,U1100,M213,728.26,INR,gaming,transfer,2025-12-03 21:44:53.404768,BR,D512,0,HIGH
T100361,U1040,M204,365.4,GBP,electronics,purchase,2025-12-04 06:11:53.404768,US,D543,0,MEDIUM
T100362,U1086,M210,614.16,EUR,travel,withdrawal,2025-12-04 06:59:53.404768,ZA,D520,0,HIGH
T100363,U1054,M229,1113.82,EUR,gaming,withdrawal,2025-12-04 03:34:53.404768,DE,D581,0,HIGH
T100364,U1050,M201,873.53,INR,fashion,refund,2025-12-03 23:30:53.404768,AU,D554,0,HIGH
T100365,U1026,M217,204.62,USD,travel,purchase,2025-12-04 00:00:53.404768,ZA,D523,0,LOW
T100366,U1025,M229,1117.53,USD,groceries,refund,2025-12-04 03:27:53.404768,ZA,D581,0,HIGH
T100367,U1049,M239,497.49,JPY,travel,purchase,2025-12-04 00:48:53.404768,CN,D545,0,HIGH
T100368,U1079,M211,1062.13,GBP,travel,purchase,2025-12-04 00:58:53.404768,DE,D540,1,CRITICAL
T100369,U1039,M207,819.76,EUR,groceries,withdrawal,2025-12-04 00:52:53.404768,ZA,D549,0,HIGH
T100370,U1017,M236,865.11,JPY,gaming,withdrawal,2025-12-04 00:25:53.404768,BR,D581,0,HIGH
T100371,U1117,M211,1097.31,INR,fashion,refund,2025-12-04 01:14:53.404768,IN,D517,0,HIGH
T100372,U1107,M228,954.42,INR,electronics,transfer,2025-12-04 07:13:53.404768,US,D562,1,CRITICAL
T100373,U1104,M224,1252.89,INR,travel,refund,2025-12-04 05:49:53.404768,SG,D587,1,CRITICAL
T100374,U1090,M228,711.84,JPY,fashion,purchase,2025-12-03 22:22:53.404768,AU,D503,0,HIGH
T100375,U1028,M218,1180.12,USD,groceries,withdrawal,2025-12-03 21:51:53.404768,ZA,D536,0,HIGH
T100376,U1058,M236,508.78,JPY,travel,purchase,2025-12-04 03:37:53.405763,AU,D514,0,HIGH
T100377,U1069,M223,407.43,INR,electronics,refund,2025-12-04 01:05:53.405763,ZA,D527,0,HIGH
T100378,U1013,M215,489.9,GBP,electronics,refund,2025-12-04 07:51:53.405763,IN,D544,0,HIGH
T100379,U1011,M228,1039.93,USD,fashion,withdrawal,2025-12-04 01:21:53.405763,AU,D588,0,HIGH
T100380,U1090,M239,761.15,JPY,fashion,withdrawal,2025-12-03 23:18:53.405763,FR,D526,0,HIGH
T100381,U1068,M217,190.42,INR,travel,withdrawal,2025-12-04 01:07:53.405763,CN,D590,0,MEDIUM
T100382,U1109,M232,118.83,USD,fashion,refund,2025-12-04 09:03:53.405763,US,D535,0,MEDIUM
T100383,U1016,M208,1229.64,EUR,fashion,transfer,2025-12-03 22:07:53.405763,FR,D597,0,HIGH
T100384,U1062,M209,194.17,INR,crypto,transfer,2025-12-04 06:02:53.405763,SG,D548,0,MEDIUM
T100385,U1051,M232,239.17,GBP,crypto,transfer,2025-12-04 06:33:53.405763,BR,D562,0,LOW
T100386,U1000,M205,468.73,JPY,crypto,transfer,2025-12-04 02:30:53.405763,GB,D568,0,HIGH
T100387,U1105,M213,296.4,JPY,groceries,transfer,2025-12-04 04:30:53.405763,IN,D543,0,MEDIUM
T100388,U1016,M236,469.75,JPY,groceries,purchase,2025-12-04 03:57:53.405763,US,D512,0,HIGH
T100389,U1107,M229,828.15,USD,electronics,withdrawal,2025-12-04 01:01:53.405763,BR,D558,0,HIGH
T100390,U1054,M212,908.94,EUR,crypto,transfer,2025-12-04 07:39:53.405763,DE,D535,0,HIGH
T100391,U1046,M216,1343.88,USD,groceries,withdrawal,2025-12-04 07:13:53.405763,US,D550,0,HIGH
T100392,U1092,M214,1358.77,JPY,crypto,purchase,2025-12-04 03:53:53.405763,GB,D500,0,HIGH
T100393,U1009,M208,1025.59,INR,fashion,refund,2025-12-03 22:44:53.405763,US,D501,1,CRITICAL
T100394,U1104,M207,875.08,JPY,crypto,withdrawal,2025-12-04 05:58:53.405763,BR,D509,1,HIGH
T100395,U1011,M206,761.13,USD,groceries,transfer,2025-12-04 06:57:53.405763,IN,D517,0,HIGH
T100396,U1104,M208,1140.23,EUR,electronics,purchase,2025-12-03 23:49:53.405763,AU,D583,0,HIGH
T100397,U1092,M213,201.16,EUR,gaming,refund,2025-12-04 07:56:53.405763,FR,D511,0,MEDIUM
T100398,U1017,M207,875.73,INR,crypto,refund,2025-12-03 23:44:53.405763,CN,D554,0,HIGH
T100399,U1017,M215,765.97,GBP,crypto,purchase,2025-12-03 22:57:53.405763,FR,D570,0,HIGH
T100400,U1092,M238,680.99,GBP,crypto,purchase,2025-12-03 22:43:53.405763,IN,D526,1,HIGH
T100401,U1065,M212,914.77,JPY,groceries,purchase,2025-12-03 23:33:53.405763,FR,D563,0,HIGH
T100402,U1063,M238,399.86,USD,travel,purchase,2025-12-04 07:56:53.405763,CN,D540,0,LOW
T100403,U1110,M236,741.79,JPY,groceries,withdrawal,2025-12-04 09:35:53.405763,BR,D598,0,HIGH
T100404,U1075,M204,1282.96,USD,groceries,withdrawal,2025-12-03 23:09:53.407098,US,D507,0,HIGH
T100405,U1050,M232,442.15,GBP,crypto,refund,2025-12-04 04:34:53.407098,SG,D589,0,HIGH
T100406,U1081,M234,801.21,INR,travel,withdrawal,2025-12-04 03:55:53.407098,IN,D510,0,HIGH
T100407,U1065,M213,1166.35,EUR,travel,transfer,2025-12-04 09:17:53.407098,SG,D575,0,HIGH
T100408,U1039,M227,58.22,EUR,electronics,withdrawal,2025-12-04 07:34:53.407098,GB,D555,0,LOW
T100409,U1078,M238,1345.93,USD,groceries,withdrawal,2025-12-04 04:14:53.407098,GB,D501,0,HIGH
T100410,U1089,M200,918.88,EUR,gaming,transfer,2025-12-04 03:25:53.407098,ZA,D566,1,CRITICAL
T100411,U1092,M216,436.03,EUR,groceries,withdrawal,2025-12-04 04:47:53.407098,IN,D593,0,HIGH
T100412,U1042,M227,273.21,GBP,travel,purchase,2025-12-04 09:36:53.407098,IN,D591,0,LOW
T100413,U1080,M204,559.42,JPY,gaming,transfer,2025-12-04 01:59:53.407098,US,D563,0,HIGH
T100414,U1021,M223,1056.38,EUR,groceries,purchase,2025-12-04 06:59:53.407098,AU,D586,0,HIGH
T100415,U1094,M232,359.41,USD,electronics,purchase,2025-12-04 04:40:53.407098,FR,D505,0,LOW
T100416,U1049,M209,964.83,EUR,electronics,refund,2025-12-04 03:13:53.407098,FR,D541,1,CRITICAL
T100417,U1117,M220,720.71,GBP,electronics,transfer,2025-12-04 07:17:53.407098,GB,D564,1,HIGH
T100418,U1006,M211,1150.49,EUR,travel,purchase,2025-12-04 09:12:53.407098,SG,D508,0,HIGH
T100419,U1110,M218,779.96,GBP,groceries,purchase,2025-12-03 23:01:53.407098,ZA,D558,0,HIGH
T100420,U1025,M218,1351.63,INR,groceries,withdrawal,2025-12-04 04:45:53.407098,BR,D547,0,HIGH
T100421,U1063,M212,945.76,INR,fashion,withdrawal,2025-12-04 06:51:53.407098,US,D552,0,HIGH
T100422,U1081,M200,321.91,GBP,electronics,refund,2025-12-04 02:19:53.407098,IN,D513,0,MEDIUM
T100423,U1053,M231,368.94,USD,fashion,transfer,2025-12-04 05:52:53.407098,GB,D505,0,LOW
T100424,U1114,M233,762.34,JPY,crypto,transfer,2025-12-03 22:43:53.407098,BR,D595,0,HIGH
T100425,U1064,M208,302.46,JPY,electronics,purchase,2025-12-03 23:48:53.408097,SG,D584,0,LOW
T100426,U1037,M216,259.51,GBP,gaming,transfer,2025-12-04 04:18:53.408097,CN,D557,0,LOW
T100427,U1009,M212,863.63,EUR,travel,purchase,2025-12-04 03:24:53.408097,DE,D513,0,HIGH
T100428,U1059,M220,978.41,JPY,electronics,transfer,2025-12-04 04:58:53.408097,FR,D557,1,CRITICAL
T100429,U1109,M207,158.63,USD,fashion,transfer,2025-12-04 00:24:53.408097,AU,D505,0,MEDIUM
T100430,U1109,M220,1354.12,EUR,electronics,withdrawal,2025-12-04 03:45:53.408097,CN,D550,0,HIGH
T100431,U1086,M219,650.44,GBP,fashion,purchase,2025-12-04 08:28:53.408097,SG,D557,0,HIGH
T100432,U1012,M229,171.54,USD,fashion,purchase,2025-12-03 22:56:53.408097,US,D507,0,LOW
T100433,U1016,M212,292.56,JPY,groceries,purchase,2025-12-04 05:48:53.408097,AU,D575,0,LOW
T100434,U1104,M204,981.08,USD,electronics,withdrawal,2025-12-04 08:40:53.408097,BR,D516,0,HIGH
T100435,U1108,M221,879.58,USD,electronics,refund,2025-12-03 23:24:53.408097,US,D521,0,HIGH
T100436,U1055,M225,1026.35,JPY,electronics,refund,2025-12-04 05:14:53.408097,SG,D522,0,HIGH
T100437,U1035,M217,271.99,JPY,fashion,purchase,2025-12-04 01:41:53.408097,AU,D579,0,LOW
T100438,U1082,M218,459.93,JPY,gaming,refund,2025-12-04 02:12:53.408097,US,D511,0,HIGH
T100439,U1017,M226,1086.84,EUR,crypto,withdrawal,2025-12-04 02:58:53.408097,ZA,D502,1,CRITICAL
T100440,U1100,M222,1153.39,JPY,travel,refund,2025-12-04 05:41:53.408097,CN,D572,0,HIGH
T100441,U1049,M217,1192.23,EUR,electronics,transfer,2025-12-04 05:30:53.409247,AU,D528,1,CRITICAL
T100442,U1103,M217,1151.78,USD,gaming,transfer,2025-12-04 02:52:53.409247,AU,D529,0,HIGH
T100443,U1012,M215,925.57,EUR,groceries,purchase,2025-12-04 01:58:53.409247,FR,D573,1,CRITICAL
T100444,U1102,M224,1127.62,GBP,fashion,withdrawal,2025-12-04 01:37:53.409247,FR,D575,1,CRITICAL
T100445,U1094,M222,463.02,INR,electronics,transfer,2025-12-04 02:09:53.409247,AU,D572,0,HIGH
T100446,U1024,M231,548.04,INR,groceries,withdrawal,2025-12-04 06:22:53.409247,BR,D504,0,HIGH
T100447,U1029,M238,574.42,EUR,electronics,refund,2025-12-04 07:15:53.409247,US,D542,0,HIGH
T100448,U1025,M208,1895.88,GBP,crypto,withdrawal,2025-12-04 05:39:53.409247,CN,D507,1,CRITICAL
T100449,U1075,M209,743.39,USD,travel,transfer,2025-12-04 07:00:53.409247,GB,D547,0,HIGH
T100450,U1084,M225,1421.62,INR,electronics,transfer,2025-12-04 09:31:53.409247,IN,D541,0,HIGH
T100451,U1093,M227,171.7,JPY,crypto,transfer,2025-12-04 00:00:53.409247,DE,D590,0,LOW
T100452,U1028,M237,306.16,EUR,gaming,transfer,2025-12-04 05:12:53.409247,IN,D516,0,MEDIUM
T100453,U1000,M236,478.87,JPY,travel,purchase,2025-12-04 06:54:53.410248,DE,D577,0,HIGH
T100454,U1081,M236,343.47,USD,gaming,withdrawal,2025-12-04 05:40:53.410248,CN,D595,0,LOW
T100455,U1044,M220,642.65,EUR,crypto,purchase,2025-12-04 09:13:53.410248,CN,D557,0,HIGH
T100456,U1031,M204,352.45,GBP,groceries,purchase,2025-12-04 00:41:53.410248,US,D506,0,LOW
T100457,U1021,M226,152.8,JPY,gaming,transfer,2025-12-04 07:30:53.410248,ZA,D548,0,MEDIUM
T100458,U1061,M236,483.03,EUR,fashion,refund,2025-12-03 22:40:53.410248,GB,D504,0,HIGH
T100459,U1040,M216,1081.79,USD,electronics,transfer,2025-12-04 08:55:53.410248,DE,D548,1,CRITICAL
T100460,U1009,M235,957.71,USD,groceries,refund,2025-12-04 01:01:53.410248,US,D555,1,CRITICAL
T100461,U1021,M238,830.33,JPY,fashion,purchase,2025-12-03 22:08:53.410248,GB,D542,1,HIGH
T100462,U1024,M226,847.8,INR,crypto,transfer,2025-12-04 08:15:53.410248,IN,D538,0,HIGH
T100463,U1050,M236,132.49,INR,gaming,withdrawal,2025-12-04 01:24:53.410248,US,D546,0,LOW
T100464,U1011,M218,852.85,INR,gaming,withdrawal,2025-12-04 05:18:53.410248,GB,D503,1,HIGH
T100465,U1081,M218,462.91,USD,gaming,purchase,2025-12-04 03:18:53.410248,IN,D550,0,HIGH
T100466,U1114,M216,818.25,USD,crypto,refund,2025-12-04 05:47:53.410248,DE,D547,0,HIGH
T100467,U1047,M211,1184.52,JPY,electronics,transfer,2025-12-04 01:35:53.410248,BR,D559,0,HIGH
T100468,U1107,M217,585.34,INR,electronics,withdrawal,2025-12-03 23:40:53.410248,GB,D510,0,HIGH
T100469,U1103,M234,903.29,JPY,travel,withdrawal,2025-12-04 02:53:53.410248,ZA,D507,1,CRITICAL
T100470,U1068,M230,322.67,INR,fashion,refund,2025-12-04 02:35:53.410248,IN,D510,0,MEDIUM
T100471,U1109,M202,568.63,INR,travel,withdrawal,2025-12-04 01:25:53.410248,GB,D596,0,HIGH
T100472,U1021,M213,1634.23,EUR,fashion,purchase,2025-12-04 06:54:53.410248,SG,D510,0,HIGH
T100473,U1055,M212,409.93,EUR,travel,transfer,2025-12-04 04:30:53.410248,CN,D593,0,HIGH
T100474,U1011,M224,243.26,INR,gaming,transfer,2025-12-04 00:32:53.410248,IN,D566,0,LOW
T100475,U1111,M200,958.12,INR,travel,refund,2025-12-04 02:22:53.411247,GB,D553,0,HIGH
T100476,U1072,M237,830.29,INR,electronics,purchase,2025-12-03 23:13:53.411247,AU,D599,0,HIGH
T100477,U1036,M234,1505.96,GBP,gaming,transfer,2025-12-04 07:29:53.411247,SG,D583,0,HIGH
T100478,U1004,M211,398.81,GBP,gaming,withdrawal,2025-12-04 05:36:53.411247,AU,D577,0,MEDIUM
T100479,U1051,M202,1090.15,JPY,groceries,withdrawal,2025-12-03 21:43:53.411247,US,D595,0,HIGH
T100480,U1034,M223,592.89,USD,groceries,transfer,2025-12-04 08:19:53.411247,IN,D535,0,HIGH
T100481,U1109,M206,942.55,EUR,fashion,transfer,2025-12-03 23:57:53.411247,BR,D599,0,HIGH
T100482,U1034,M226,860.25,INR,crypto,purchase,2025-12-04 06:18:53.411247,FR,D556,0,HIGH
T100483,U1105,M226,878.37,JPY,travel,transfer,2025-12-04 02:50:53.411247,US,D565,1,HIGH
T100484,U1039,M232,72.37,JPY,fashion,purchase,2025-12-04 05:46:53.411247,DE,D524,0,LOW
T100485,U1025,M203,441.32,EUR,electronics,refund,2025-12-04 02:59:53.411247,US,D546,0,HIGH
T100486,U1035,M223,1456.27,JPY,travel,refund,2025-12-04 02:16:53.411247,GB,D587,0,HIGH
T100487,U1047,M231,814.4,INR,gaming,withdrawal,2025-12-04 04:18:53.411247,BR,D575,0,HIGH
T100488,U1020,M216,207.7,USD,groceries,purchase,2025-12-04 04:01:53.411247,SG,D506,0,MEDIUM
T100489,U1073,M213,988.41,EUR,crypto,withdrawal,2025-12-04 01:55:53.411247,FR,D534,0,HIGH
T100490,U1110,M200,195.9,JPY,fashion,withdrawal,2025-12-03 23:48:53.411247,AU,D501,0,LOW
T100491,U1077,M219,1165.11,GBP,gaming,refund,2025-12-04 03:28:53.411247,CN,D558,0,HIGH
T100492,U1038,M233,229.03,INR,gaming,purchase,2025-12-04 03:24:53.411247,US,D565,0,MEDIUM
T100493,U1107,M223,1224.95,INR,crypto,transfer,2025-12-04 04:50:53.411247,IN,D587,0,HIGH
T100494,U1043,M217,354.76,GBP,groceries,transfer,2025-12-04 02:56:53.411247,IN,D524,0,LOW
T100495,U1097,M215,498.67,USD,travel,refund,2025-12-04 07:34:53.411247,CN,D587,0,HIGH
T100496,U1083,M231,293.36,GBP,groceries,refund,2025-12-04 06:46:53.411247,SG,D549,0,LOW
T100497,U1074,M236,1105.04,EUR,groceries,withdrawal,2025-12-04 07:36:53.412247,ZA,D581,0,HIGH
T100498,U1116,M222,1339.69,INR,groceries,withdrawal,2025-12-04 05:45:53.412247,ZA,D523,0,HIGH
T100499,U1060,M208,908.28,GBP,crypto,withdrawal,2025-12-03 23:00:53.412247,CN,D583,0,HIGH
T100500,U1045,M214,1209.03,GBP,gaming,transfer,2025-12-04 05:42:53.412247,CN,D533,0,HIGH
T100501,U1059,M207,400.84,JPY,electronics,purchase,2025-12-04 03:53:53.412247,BR,D524,0,HIGH
T100502,U1111,M224,560.12,INR,groceries,refund,2025-12-04 00:37:53.412247,US,D519,0,HIGH
T100503,U1043,M226,327.43,INR,gaming,withdrawal,2025-12-04 01:55:53.412247,CN,D591,0,LOW
T100504,U1010,M231,1137.32,GBP,crypto,withdrawal,2025-12-03 22:15:53.412247,CN,D581,0,HIGH
T100505,U1057,M217,1150.2,EUR,fashion,withdrawal,2025-12-03 23:08:53.412247,BR,D597,0,HIGH
T100506,U1016,M239,979.62,JPY,crypto,refund,2025-12-04 03:31:53.412247,SG,D554,0,HIGH
T100507,U1049,M200,903.63,USD,travel,withdrawal,2025-12-04 06:32:53.412247,CN,D501,1,CRITICAL
T100508,U1002,M200,305.24,EUR,fashion,transfer,2025-12-04 02:09:53.412247,IN,D516,0,LOW
T100509,U1021,M204,299.41,USD,groceries,transfer,2025-12-04 01:27:53.412247,BR,D593,0,MEDIUM
T100510,U1067,M221,960.43,JPY,crypto,withdrawal,2025-12-04 08:32:53.412247,CN,D562,0,HIGH
T100511,U1024,M210,1021.75,JPY,electronics,withdrawal,2025-12-03 23:40:53.412247,FR,D593,0,HIGH
T100512,U1027,M201,1348.71,INR,travel,withdrawal,2025-12-04 09:24:53.412247,GB,D546,0,HIGH
T100513,U1101,M202,1162.03,JPY,crypto,transfer,2025-12-04 08:28:53.412247,ZA,D579,0,HIGH
T100514,U1006,M206,1572.33,USD,electronics,purchase,2025-12-04 03:17:53.412247,SG,D556,0,HIGH
T100515,U1070,M216,1124.26,JPY,crypto,withdrawal,2025-12-04 07:04:53.412247,FR,D588,1,CRITICAL
T100516,U1001,M219,590.44,JPY,crypto,purchase,2025-12-04 02:53:53.412247,ZA,D534,0,HIGH
T100517,U1053,M206,213.9,INR,crypto,purchase,2025-12-04 09:18:53.412247,IN,D514,0,LOW
T100518,U1063,M212,1143.02,INR,fashion,transfer,2025-12-04 01:03:53.413683,ZA,D525,0,HIGH
T100519,U1052,M218,712.25,EUR,electronics,refund,2025-12-04 00:42:53.413683,FR,D588,0,HIGH
T100520,U1042,M215,1171.06,USD,electronics,purchase,2025-12-04 08:38:53.413683,GB,D573,0,HIGH
T100521,U1019,M205,837.4,INR,electronics,purchase,2025-12-03 22:34:53.413683,IN,D582,1,HIGH
T100522,U1037,M216,1017.26,JPY,electronics,purchase,2025-12-03 21:54:53.413683,DE,D505,0,HIGH
T100523,U1046,M220,586.65,JPY,crypto,purchase,2025-12-04 07:45:53.413683,GB,D597,0,HIGH
T100524,U1109,M208,217.89,EUR,groceries,transfer,2025-12-04 01:42:53.413683,BR,D579,0,LOW
T100525,U1093,M205,1437.53,GBP,groceries,withdrawal,2025-12-04 06:57:53.413683,GB,D551,0,HIGH
T100526,U1058,M217,865.49,JPY,crypto,refund,2025-12-04 02:59:53.413683,SG,D583,0,HIGH
T100527,U1021,M207,1104.31,EUR,crypto,purchase,2025-12-04 07:21:53.413683,DE,D513,0,HIGH
T100528,U1075,M230,791.86,INR,crypto,refund,2025-12-04 07:20:53.413683,DE,D578,0,HIGH
T100529,U1045,M239,114.48,USD,crypto,withdrawal,2025-12-04 05:24:53.413683,BR,D562,1,MEDIUM
T100530,U1052,M228,999.18,USD,electronics,transfer,2025-12-04 00:15:53.413683,CN,D501,0,HIGH
T100531,U1086,M233,827.03,INR,crypto,withdrawal,2025-12-03 23:57:53.413683,CN,D566,0,HIGH
T100532,U1089,M239,563.51,USD,gaming,withdrawal,2025-12-04 08:24:53.413683,BR,D544,0,HIGH
T100533,U1082,M224,1348.81,EUR,travel,purchase,2025-12-03 23:00:53.413683,US,D582,0,HIGH
T100534,U1064,M230,835.1,JPY,fashion,purchase,2025-12-04 04:25:53.413683,BR,D541,0,HIGH
T100535,U1006,M232,79.43,EUR,travel,refund,2025-12-04 03:34:53.414682,SG,D530,0,MEDIUM
T100536,U1056,M236,930.31,JPY,electronics,refund,2025-12-04 00:30:53.414682,BR,D540,0,HIGH
T100537,U1063,M201,348.9,USD,gaming,refund,2025-12-04 03:56:53.414682,US,D571,1,MEDIUM
T100538,U1101,M238,358.52,INR,crypto,transfer,2025-12-03 23:06:53.414682,ZA,D571,0,LOW
T100539,U1085,M229,1114.55,GBP,groceries,purchase,2025-12-04 06:13:53.414682,FR,D558,0,HIGH
T100540,U1091,M223,252.28,JPY,electronics,purchase,2025-12-03 23:19:53.414682,FR,D500,0,MEDIUM
T100541,U1106,M218,1100.31,INR,travel,transfer,2025-12-04 06:22:53.414682,GB,D505,1,CRITICAL
T100542,U1063,M208,996.66,JPY,electronics,transfer,2025-12-04 02:59:53.414682,AU,D525,1,CRITICAL
T100543,U1119,M225,803.88,EUR,gaming,withdrawal,2025-12-03 22:43:53.414682,CN,D513,0,HIGH
T100544,U1005,M237,863.08,USD,gaming,refund,2025-12-04 07:16:53.414682,AU,D564,0,HIGH
T100545,U1063,M200,1413.97,INR,crypto,purchase,2025-12-04 07:27:53.414682,ZA,D555,1,CRITICAL
T100546,U1061,M232,470.0,EUR,crypto,withdrawal,2025-12-04 03:27:53.414682,DE,D513,0,HIGH
T100547,U1076,M238,1377.78,GBP,travel,refund,2025-12-04 02:33:53.414682,SG,D577,0,HIGH
T100548,U1097,M215,870.82,GBP,gaming,transfer,2025-12-04 04:11:53.414682,IN,D557,0,HIGH
T100549,U1017,M226,865.9,INR,crypto,transfer,2025-12-04 00:05:53.414682,ZA,D540,0,HIGH
T100550,U1119,M235,1224.23,EUR,fashion,withdrawal,2025-12-03 23:40:53.414682,AU,D591,1,CRITICAL
T100551,U1044,M208,882.62,EUR,travel,transfer,2025-12-03 23:28:53.414682,GB,D597,0,HIGH
T100552,U1074,M236,326.61,JPY,crypto,transfer,2025-12-04 07:46:53.414682,SG,D501,0,MEDIUM
T100553,U1048,M209,169.92,USD,crypto,purchase,2025-12-04 02:23:53.415682,FR,D534,0,LOW
T100554,U1020,M218,848.53,GBP,fashion,purchase,2025-12-04 04:44:53.415682,IN,D526,1,HIGH
T100555,U1004,M222,852.05,JPY,electronics,withdrawal,2025-12-04 00:17:53.415682,ZA,D549,1,HIGH
T100556,U1088,M203,358.23,JPY,gaming,refund,2025-12-04 03:15:53.415682,CN,D570,0,MEDIUM
T100557,U1095,M216,1163.09,EUR,travel,refund,2025-12-04 06:05:53.415682,FR,D581,1,CRITICAL
T100558,U1096,M237,396.32,INR,crypto,withdrawal,2025-12-04 03:17:53.415682,FR,D537,0,MEDIUM
T100559,U1087,M204,1290.15,EUR,fashion,purchase,2025-12-04 02:11:53.415682,SG,D505,0,HIGH
T100560,U1016,M210,266.78,INR,groceries,purchase,2025-12-04 08:54:53.415682,CN,D559,0,MEDIUM
T100561,U1019,M202,741.66,EUR,groceries,purchase,2025-12-04 02:22:53.415682,AU,D584,1,HIGH
T100562,U1101,M236,591.05,INR,groceries,purchase,2025-12-03 21:49:53.415682,CN,D567,1,HIGH
T100563,U1023,M233,853.24,USD,travel,withdrawal,2025-12-04 01:10:53.415682,SG,D569,0,HIGH
T100564,U1011,M222,980.72,EUR,fashion,transfer,2025-12-04 00:11:53.415682,CN,D546,0,HIGH
T100565,U1096,M239,428.29,INR,gaming,purchase,2025-12-04 06:08:53.415682,GB,D585,0,HIGH
T100566,U1030,M239,869.07,INR,fashion,purchase,2025-12-04 03:11:53.415682,CN,D548,0,HIGH
T100567,U1014,M224,1158.86,GBP,travel,transfer,2025-12-04 01:32:53.415682,US,D566,1,CRITICAL
T100568,U1065,M232,277.7,JPY,gaming,purchase,2025-12-03 23:25:53.415682,IN,D583,0,MEDIUM
T100569,U1065,M205,1223.69,USD,fashion,purchase,2025-12-04 03:32:53.415682,GB,D526,0,HIGH
T100570,U1099,M213,1075.76,JPY,electronics,withdrawal,2025-12-04 09:22:53.415682,ZA,D589,0,HIGH
T100571,U1094,M227,1390.04,USD,crypto,withdrawal,2025-12-03 22:28:53.415682,US,D558,1,CRITICAL
T100572,U1011,M204,388.74,USD,fashion,transfer,2025-12-04 00:07:53.415682,ZA,D509,0,LOW
T100573,U1116,M216,56.87,JPY,gaming,refund,2025-12-04 03:45:53.415682,SG,D555,0,LOW
T100574,U1049,M207,994.69,INR,electronics,purchase,2025-12-03 22:53:53.415682,AU,D505,1,CRITICAL
T100575,U1009,M222,1064.06,INR,electronics,transfer,2025-12-04 01:32:53.415682,IN,D577,0,HIGH
T100576,U1097,M228,995.27,JPY,gaming,purchase,2025-12-04 03:03:53.415682,BR,D520,0,HIGH
T100577,U1017,M225,1202.3,INR,groceries,withdrawal,2025-12-04 05:52:53.415682,IN,D586,0,HIGH
T100578,U1101,M223,1364.91,USD,travel,withdrawal,2025-12-04 05:01:53.415682,GB,D505,0,HIGH
T100579,U1068,M235,135.32,USD,groceries,withdrawal,2025-12-03 22:23:53.415682,CN,D527,0,MEDIUM
T100580,U1082,M232,451.61,EUR,fashion,withdrawal,2025-12-04 04:24:53.415682,FR,D578,0,HIGH
T100581,U1024,M207,699.49,EUR,crypto,purchase,2025-12-04 05:05:53.415682,ZA,D559,0,HIGH
T100582,U1009,M218,902.33,USD,groceries,purchase,2025-12-04 04:49:53.417186,FR,D592,0,HIGH
T100583,U1042,M222,838.95,EUR,crypto,withdrawal,2025-12-04 05:30:53.417186,GB,D536,0,HIGH
T100584,U1040,M231,231.1,JPY,groceries,transfer,2025-12-04 07:34:53.417186,AU,D519,0,LOW
T100585,U1046,M220,959.87,JPY,fashion,purchase,2025-12-03 23:59:53.417186,CN,D531,1,CRITICAL
T100586,U1091,M227,833.3,GBP,groceries,withdrawal,2025-12-04 06:27:53.417186,CN,D561,0,HIGH
T100587,U1045,M219,930.93,JPY,travel,purchase,2025-12-03 22:44:53.417186,DE,D582,0,HIGH
T100588,U1107,M217,708.07,EUR,travel,withdrawal,2025-12-04 06:11:53.417186,IN,D593,0,HIGH
T100589,U1009,M204,1143.83,USD,travel,purchase,2025-12-04 02:51:53.417186,AU,D574,0,HIGH
T100590,U1075,M213,507.15,USD,travel,transfer,2025-12-04 07:16:53.417186,ZA,D569,0,HIGH
T100591,U1099,M209,1020.38,GBP,gaming,withdrawal,2025-12-04 00:36:53.417186,AU,D593,0,HIGH
T100592,U1017,M229,871.92,INR,travel,purchase,2025-12-04 02:34:53.417186,SG,D546,1,HIGH
T100593,U1084,M215,1344.92,INR,crypto,withdrawal,2025-12-04 08:15:53.417186,ZA,D517,0,HIGH
T100594,U1022,M236,1641.65,INR,crypto,withdrawal,2025-12-04 04:54:53.418193,BR,D545,0,HIGH
T100595,U1097,M231,1159.02,EUR,electronics,transfer,2025-12-03 23:02:53.418193,CN,D529,0,HIGH
T100596,U1026,M233,663.32,GBP,gaming,refund,2025-12-04 03:00:53.418193,BR,D505,0,HIGH
T100597,U1083,M220,197.46,USD,crypto,transfer,2025-12-04 01:53:53.418193,IN,D574,1,MEDIUM
T100598,U1048,M224,74.61,GBP,travel,purchase,2025-12-04 08:09:53.418193,ZA,D532,0,LOW
T100599,U1116,M214,411.6,INR,gaming,transfer,2025-12-04 04:04:53.418193,CN,D562,0,HIGH
